text,predicted_entities
"The sample of LIGHTWORK we obtained includes eight hardcoded IEC-104 information object addresses ( IOA ) , which typically correlate with input or output data elements on a device and may correspond to power line switches or circuit breakers in an RTU or relay configuration .","('O', 'I-ATTACK_PATTERN', 'B-THREAT_ACTOR', 'I-THREAT_ACTOR', 'B-ATTACK_TOOL', 'B-OBSERVED_DATA', 'I-OBSERVED_DATA')"
Persistent Internal Server Requests An Advanced Persistent Threat APT may occur internally following a successful delivery of a malicious payload .,"('O', 'B-INFRASTRUCTURE', 'I-INFRASTRUCTURE', 'B-VICTIM_IDENTITY', 'B-ATTACK_TOOL', 'B-ATTACK_MOTIVATION')"
"Most recently , the Threat Hunter Team in Symantec , part of Broadcom , discovered Budworm using an updated version of one of its key tools to target a Middle Eastern telecommunications organization and an Asian government .","('O', 'B-ATTACK_PATTERN', 'I-ATTACK_PATTERN', 'B-GENERAL_IDENTITY', 'B-THREAT_ACTOR', 'B-VICTIM_IDENTITY', 'I-VICTIM_IDENTITY', 'I-GENERAL_IDENTITY', 'I-THREAT_ACTOR', 'B-IMPACT', 'I-IMPACT', 'B-ATTACK_TOOL', 'B-CAMPAIGN')"
Further analyses of these similarities are available via Mandiant Advantage .,"('O', 'B-GENERAL_IDENTITY', 'I-GENERAL_IDENTITY')"
Mandiant reviewed the Telegram channels of KillNet and its affiliates and captured counts of claimed attacks that included checkhost links to corroborate actor statements .,"('O', 'B-GENERAL_IDENTITY', 'B-THREAT_ACTOR', 'B-INTRUSION_SET', 'I-INTRUSION_SET', 'B-CAMPAIGN')"
We observed limited instances of Russia - affiliated domains being targeted .,"('O', 'B-GENERAL_IDENTITY', 'B-VICTIM_IDENTITY', 'I-VICTIM_IDENTITY', 'I-OBSERVED_DATA')"
"The US Justice Department thinks he 's been deploying LockBit ransomware on victim networks both in the States and overseas , with the investigation having run from August 2020 through March 2023 .","('O', 'B-GENERAL_IDENTITY', 'B-THREAT_ACTOR', 'B-VICTIM_IDENTITY', 'I-VICTIM_IDENTITY', 'B-MALWARE', 'I-GENERAL_IDENTITY', 'I-MALWARE', 'B-LOCATION')"
Seven of the vulnerabilities included in today ’s Vulnerability Roundup have a CVSS severity score of 9.8 out of a possible 10 .,"('O', 'B-GENERAL_IDENTITY', 'B-VULNERABILITY', 'I-VULNERABILITY', 'I-GENERAL_IDENTITY')"
"To identify attempted exploitation requests , organizations will need to rely on web application firewalls ( WAF ) or other network appliances that record HTTP / S requests directed toward the NetScaler ADC or Gateway appliances .","('O', 'B-ATTACK_PATTERN', 'I-ATTACK_PATTERN', 'B-INFRASTRUCTURE', 'B-GENERAL_TOOL', 'B-COURSE_OF_ACTION', 'I-COURSE_OF_ACTION')"
"The file c018c54eff8fd0b9be50b5d419d80f21 ( r3_iec104_control.py ) imports the "" iec104_mssql_lib "" module , which is contained within the extracted contents as adfa40d44a58e1bc909abca444f7f616 ( iec104_mssql_lib.pyc ): 2b86adb6afdfa9216ef8ec2ff4fd2558 ( iec104_mssql_lib.py ) implements PIEHOP ’s primary capabilities and contains many developer - supplied comments for the included code .","('O', 'B-MALWARE_ANALYSIS', 'I-MALWARE_ANALYSIS', 'B-MALWARE', 'I-MALWARE', 'B-OBSERVED_DATA', 'I-OBSERVED_DATA')"
"Both operations have suspected ties to financially motivated DPRK actors , suggesting that DPRK operators are implementing supply chain TTPs to target select entities as part of increased efforts to target cryptocurrency and fintech - related assets .","('O', 'B-ATTACK_PATTERN', 'I-ATTACK_PATTERN', 'B-THREAT_ACTOR', 'B-INTRUSION_SET', 'I-INTRUSION_SET', 'B-VICTIM_IDENTITY', 'I-THREAT_ACTOR', 'B-ATTACK_MOTIVATION', 'I-ATTACK_MOTIVATION')"
Another problem is that organizations are likely already affected by malware .,"('O', 'B-VICTIM_IDENTITY', 'B-MALWARE', 'I-MALWARE')"
The discovery of COSMICENERGY illustrates that the barriers to entry for developing offensive OT capabilities are lowering as actors leverage knowledge from prior attacks to develop new malware .,"('O', 'B-ATTACK_PATTERN', 'B-THREAT_ACTOR', 'B-MALWARE', 'I-THREAT_ACTOR')"
The ransomware attempts to stop multiple services on the infected computer before it begins encrypting files .,"('O', 'B-ATTACK_PATTERN', 'I-ATTACK_PATTERN', 'B-MALWARE')"
We observed the same efforts in our analysis of a series of documents detailing project requirements to enhance Russian offensive cyber capabilities .,"('O', 'B-GENERAL_IDENTITY', 'B-CAMPAIGN', 'B-ATTACK_RESOURCE_LEVEL', 'I-ATTACK_RESOURCE_LEVEL')"
"COSMICENERGY lacks discovery capabilities , which implies that to successfully execute an attack the malware operator would need to perform some internal reconnaissance to obtain environment information , such as MSSQL server IP addresses , MSSQL credentials , and target IEC-104 device IP addresses .","('O', 'B-ATTACK_PATTERN', 'I-ATTACK_PATTERN', 'B-INFRASTRUCTURE', 'I-INFRASTRUCTURE', 'B-THREAT_ACTOR', 'B-MALWARE', 'I-THREAT_ACTOR', 'B-ATTACK_SOPHISTICATION_LEVEL', 'I-ATTACK_SOPHISTICATION_LEVEL')"
"In each case , CrowdStrike reviewed the relevant logs and determined there was no evidence of exploitation of CVE-2022 - 41040 for initial access .","('O', 'B-GENERAL_IDENTITY', 'B-VULNERABILITY', 'I-VULNERABILITY', 'B-CAMPAIGN')"
"Based on reporting from trusted partners , UNC4899 likely corresponds to TraderTraitor , a financially motivated DPRK threat group that primarily targets blockchain - related companies .","('O', 'B-GENERAL_IDENTITY', 'B-COURSE_OF_ACTION', 'I-COURSE_OF_ACTION', 'B-THREAT_ACTOR', 'B-VICTIM_IDENTITY', 'I-VICTIM_IDENTITY', 'I-THREAT_ACTOR', 'B-ATTACK_MOTIVATION', 'I-ATTACK_MOTIVATION')"
That piece explored how Biderman — who is Jewish — had become the target of concerted harassment campaigns by anti - Semitic and far - right groups online in the months leading up to the hack .,"('O', 'B-GENERAL_IDENTITY', 'B-VICTIM_IDENTITY', 'I-GENERAL_IDENTITY')"
"None : While OT - oriented malware families can be purpose built for a particular target environment , malware that takes advantage of insecure by design OT protocols , such as LIGHTWORK ’s abuse of the IEC-104 protocol , can be modified and employed multiple times to target multiple victims .","('O', 'B-ATTACK_PATTERN', 'I-ATTACK_PATTERN', 'B-VULNERABILITY', 'I-VULNERABILITY', 'B-MALWARE', 'I-MALWARE', 'B-IMPACT', 'I-IMPACT', 'B-CAMPAIGN', 'I-CAMPAIGN')"
"Several issues in Foxit PDF reader could lead to arbitrary code execution Foxit PDF Reader is one of the most popular PDF readers on the market , offering many similar features to Adobe Acrobat .","('O', 'B-GENERAL_IDENTITY', 'B-GENERAL_TOOL', 'I-GENERAL_TOOL', 'I-GENERAL_IDENTITY', 'B-IMPACT', 'I-IMPACT')"
"We note separately that we have previously observed limited other instances of KillNet claiming Russian targets , such as high - profile Russian individuals opposed to the war .","('O', 'B-THREAT_ACTOR', 'B-VICTIM_IDENTITY', 'B-CAMPAIGN')"
"The possibilities are endless , but most hackers are out to make a profit .","('O', 'B-THREAT_ACTOR')"
"Once proper prevention and detection plans are in place , organizations need to build an incident response plan .","('O', 'B-ATTACK_PATTERN', 'I-ATTACK_PATTERN', 'B-COURSE_OF_ACTION', 'I-COURSE_OF_ACTION', 'B-VICTIM_IDENTITY', 'I-VICTIM_IDENTITY', 'B-ATTACK_SOPHISTICATION_LEVEL', 'I-ATTACK_SOPHISTICATION_LEVEL')"
"The leaked tooling included a Python script , , that when executed led CrowdStrike researchers to replicate the logs generated in recent Play ransomware attacks .","('O', 'B-GENERAL_IDENTITY', 'B-INDICATOR', 'B-VULNERABILITY', 'I-VULNERABILITY', 'B-INTRUSION_SET', 'I-INTRUSION_SET', 'I-GENERAL_IDENTITY', 'B-IMPACT', 'I-IMPACT', 'B-ATTACK_TOOL', 'I-ATTACK_TOOL')"
"As we 've discussed recently , there has been huge growth in the ransomware and extortion space , potentially linked to the plethora of leaked builders and source code related to various ransomware cartels .","('O', 'B-ATTACK_PATTERN', 'B-THREAT_ACTOR', 'B-VULNERABILITY', 'I-VULNERABILITY', 'B-INTRUSION_SET', 'B-MALWARE', 'B-IMPACT', 'I-IMPACT')"
"The actors appear to target victims in Kuwait , as the ransom note demands payment in Kuwaiti dinar before translating that sum to its U.S. dollar equivalent in Bitcoin .","('O', 'B-THREAT_ACTOR', 'B-VICTIM_IDENTITY', 'I-THREAT_ACTOR', 'B-ATTACK_MOTIVATION', 'I-ATTACK_MOTIVATION')"
"When leveraging GOGETTER , Sandworm utilized a Systemd service unit to maintain persistence on systems .","('O', 'B-ATTACK_PATTERN', 'I-ATTACK_PATTERN', 'I-INFRASTRUCTURE', 'B-THREAT_ACTOR', 'B-MALWARE')"
"There are also many examples of nation - state actors leveraging contractors to develop offensive capabilities , as shown most recently in contracts between Russia ’s Ministry of Defense and NTC Vulkan .","('O', 'B-THREAT_ACTOR', 'I-THREAT_ACTOR')"
"To defend against ransomware attacks , organizations must look inward , review their current security strategy and ensure no windows are left open to give cybercriminals an easy way in .","('O', 'B-ATTACK_PATTERN', 'I-COURSE_OF_ACTION', 'B-THREAT_ACTOR', 'B-VICTIM_IDENTITY')"
The IRGC fires 16 surfacetosurface ballistic missiles at the close of five days of military drills that generals said were a warning to Israel .,"('O',)"
"Cl0p 's precipitous rise to the top of the charts this month , on the other hand , can be explained by their exploitation of a zero - day in MOVEit Transfer , a widely used file transfer software .","('O', 'B-GENERAL_TOOL', 'I-GENERAL_TOOL', 'B-THREAT_ACTOR', 'B-VULNERABILITY', 'I-VULNERABILITY')"
"COSMICENERGY also has notable technical similarities with other OT malware families that have been developed or packaged using Python or that have utilized open - source libraries for OT protocol implementation , including , , and .","('O', 'B-ATTACK_PATTERN', 'I-ATTACK_PATTERN', 'B-MALWARE', 'I-MALWARE', 'B-ATTACK_TOOL')"
The groups main goal is to conduct espionage and utilize the infected network to gain access to their clients networks .,"('O', 'B-ATTACK_PATTERN', 'I-ATTACK_PATTERN', 'I-COURSE_OF_ACTION', 'B-THREAT_ACTOR', 'B-ATTACK_MOTIVATION')"
"However , given the lack of conclusive evidence , we consider it also possible that a different actor - either with or without permission - reused code associated with the cyber range to develop this malware .","('O', 'B-THREAT_ACTOR', 'B-VULNERABILITY', 'I-VULNERABILITY')"
"To learn more about Vice Society attacks on education and how to protect against them , download the Malwarebytes Threat Intelligence Threat Brief : Vice Society .","('O', 'B-ATTACK_PATTERN', 'I-ATTACK_PATTERN', 'B-GENERAL_IDENTITY', 'B-GENERAL_TOOL', 'I-GENERAL_TOOL', 'B-THREAT_ACTOR', 'B-INTRUSION_SET', 'I-INTRUSION_SET', 'I-GENERAL_IDENTITY', 'B-CAMPAIGN')"
"For newer on - premises servers , Microsoft provided the same rule through the Exchange Emergency Mitigation Service,5 which installs it automatically .","('O', 'B-ATTACK_PATTERN', 'I-ATTACK_PATTERN')"
"On October 10 , the actor leveraged an optical disc ( ISO ) image named “ a.iso ” to execute a native MicroSCADA binary in a likely attempt to execute malicious control commands to switch off substations .","('O', 'I-ATTACK_PATTERN', 'B-GENERAL_IDENTITY', 'B-THREAT_ACTOR', 'B-MALWARE')"
"For newer on - premises servers , Microsoft provided the same rule through the Exchange Emergency Mitigation Service,5 which installs it automatically .","('O', 'B-ATTACK_PATTERN', 'I-ATTACK_PATTERN')"
Our initial investigation on the domains registered by Hack520 revealed that similar domains ( listed below ) were registered by another profile .,"('O', 'B-THREAT_ACTOR', 'B-LOCATION')"
"In particular , we managed to gather details on an individual using the handle Hack520 , who we believe is connected to Winnti .","('O', 'B-THREAT_ACTOR', 'I-GENERAL_IDENTITY', 'I-THREAT_ACTOR')"
or an attacker may have installed malware on the systems that transfer sensitive user data to an external command and control server .,"('O', 'B-ATTACK_PATTERN', 'I-ATTACK_PATTERN', 'B-INFRASTRUCTURE', 'I-INFRASTRUCTURE', 'B-THREAT_ACTOR', 'I-THREAT_ACTOR', 'I-MALWARE')"
"Notably , the main function contains logic flaws that cause it to only be able to connect to an MSSQL server and upload ( LIGHTWORK ) to it , before immediately attempting to clean itself up .","('O', 'B-MALWARE_ANALYSIS', 'I-MALWARE_ANALYSIS')"
"Throughout its existence , KillNet ’s activities have primarily centered around DDoS attacks that generate only shallow impacts lasting short periods of time .","('O', 'B-INTRUSION_SET', 'I-INTRUSION_SET', 'B-IMPACT', 'I-IMPACT', 'B-CAMPAIGN', 'I-CAMPAIGN')"
CrowdStrike security researchers were working to develop proof - of - concept ( POC ) code for an exploit method indicative of the logging present after recent Play ransomware attacks .,"('O', 'B-GENERAL_IDENTITY', 'B-COURSE_OF_ACTION', 'I-COURSE_OF_ACTION', 'B-INTRUSION_SET', 'I-INTRUSION_SET', 'I-GENERAL_IDENTITY')"
"When deploying GOGETTER , Mandiant observed Sandworm leverage Systemd service units designed to masquerade as legitimate or seemingly legitimate services .","('O', 'B-ATTACK_PATTERN', 'I-ATTACK_PATTERN', 'B-GENERAL_IDENTITY', 'B-THREAT_ACTOR')"
"After Kaspersky ’s reports of these attacks , the rest of 2013 saw reduced intensity of the campaign .","('O', 'B-GENERAL_IDENTITY', 'I-GENERAL_IDENTITY', 'B-CAMPAIGN', 'I-CAMPAIGN')"
Threat actors typically register and use several domains in order to discretely lead their malware to their Command and Control ( C&C ) servers .,"('O', 'B-ATTACK_PATTERN', 'B-INFRASTRUCTURE', 'I-INFRASTRUCTURE', 'B-THREAT_ACTOR', 'B-MALWARE', 'I-THREAT_ACTOR')"
"The program , No More Ransom , was conceived and supported by the National High Tech Crime Unit of the Netherlands police , Europols European Cybercrime Centre , Kaspersky , and McAfee and offers over 135 freely available decryption tools that can help with 165 variants of ransomware .","('O', 'B-GENERAL_IDENTITY', 'B-COURSE_OF_ACTION', 'I-COURSE_OF_ACTION', 'B-MALWARE', 'B-IMPACT', 'I-IMPACT')"
Sandworm deployed CADDYWIPER in this operation via two Group Policy Objects ( GPO ) from a Domain Controller using TANKTRAP .,"('O', 'B-THREAT_ACTOR', 'B-MALWARE', 'I-THREAT_ACTOR', 'B-CAMPAIGN', 'I-CAMPAIGN')"
"Agrius exploits publicly facing VPN services primarily ProtonVPN for initial access , deploying web shells to tunnel RDP traffic as well as leveraging compromised accounts and using a variety of publicly available tools for lateral movement and credential harvesting .","('O', 'B-ATTACK_PATTERN', 'I-ATTACK_PATTERN', 'B-INFRASTRUCTURE', 'I-INFRASTRUCTURE', 'I-COURSE_OF_ACTION', 'B-ATTACK_TOOL', 'I-ATTACK_TOOL')"
Denotes Vulnerable Software Are we missing a CPE here ?,"('O', 'B-OBSERVED_DATA', 'I-OBSERVED_DATA')"
Threat actors like the Winnti group rarely ever stay static in terms of both tools and tactics .,"('O', 'B-ATTACK_PATTERN', 'I-ATTACK_PATTERN', 'B-THREAT_ACTOR', 'I-THREAT_ACTOR', 'B-CAMPAIGN')"
This attack represents an immediate threat to Ukrainian critical infrastructure environments leveraging the MicroSCADA supervisory control system .,"('O', 'B-INFRASTRUCTURE')"
TLDR SentinelOne has recently released a report on an Iranianaligned threat actor targeting VMware Horizon Log4j vulnerabilities to deploy ransomware .,"('O', 'I-ATTACK_PATTERN', 'B-GENERAL_IDENTITY', 'B-THREAT_ACTOR', 'B-VULNERABILITY', 'I-VULNERABILITY', 'B-VICTIM_IDENTITY', 'I-THREAT_ACTOR')"
"Within 24 hours of gaining initial access to systems in the victim environment , the threat actor deployed additional backdoors and established persistence via plists .","('O', 'B-ATTACK_PATTERN', 'I-ATTACK_PATTERN', 'B-INFRASTRUCTURE', 'I-INFRASTRUCTURE', 'B-THREAT_ACTOR', 'I-THREAT_ACTOR', 'B-ATTACK_TOOL')"
"Created between 2017 and 2019 , these fill a gap in the Dukes ’ activity , proving a continued , under the radar presence .","('O', 'B-THREAT_ACTOR', 'B-MALWARE', 'B-CAMPAIGN', 'I-CAMPAIGN')"
The threat actor downloaded and executed /usr / local / bin / com.docker.vmnat using the aforementioned Ruby script .,"('O', 'B-MALWARE_ANALYSIS', 'I-MALWARE_ANALYSIS', 'I-THREAT_ACTOR', 'B-ATTACK_TOOL', 'B-OBSERVED_DATA', 'I-OBSERVED_DATA', 'I-ATTACK_TOOL')"
"Roughly one month later , Sandworm deployed GOGETTER , which is a tunneler written in Golang that proxies communications for its command and control ( C2 ) server using the open - source library Yamux over TLS .","('O', 'B-INFRASTRUCTURE', 'I-INFRASTRUCTURE', 'B-THREAT_ACTOR', 'B-MALWARE_ANALYSIS', 'I-MALWARE_ANALYSIS', 'B-MALWARE', 'B-OBSERVED_DATA', 'I-OBSERVED_DATA', 'B-CAMPAIGN')"
"The US Justice Department thinks he 's been deploying LockBit ransomware on victim networks both in the States and overseas , with the investigation having run from August 2020 through March 2023 .","('O', 'B-GENERAL_IDENTITY', 'B-THREAT_ACTOR', 'B-VICTIM_IDENTITY', 'I-VICTIM_IDENTITY', 'B-MALWARE', 'I-GENERAL_IDENTITY', 'I-MALWARE', 'B-LOCATION')"
"STRATOFEAR ’s configuration file may include AES-128 - encrypted modules ; however , this was not the case in the discovered sample .","('O', 'I-INDICATOR', 'B-MALWARE_ANALYSIS', 'I-MALWARE_ANALYSIS', 'B-MALWARE', 'B-OBSERVED_DATA')"
"According to Hitachi Energy ’s documentation , SCIL is a high level programming language designed for MicroSCADA control systems and can operate the system and its features ( Figure 9 ) .","('O', 'B-GENERAL_IDENTITY', 'B-INFRASTRUCTURE', 'I-INFRASTRUCTURE', 'B-COURSE_OF_ACTION', 'I-COURSE_OF_ACTION')"
Technical Analysis : Sandworm Attack Against Ukrainian Substations,"('O', 'B-THREAT_ACTOR', 'B-MALWARE')"
"Apropos of my retrospective report , Bullock found that a great many messages in Biderman ’s inbox were belligerent and anti - Semitic screeds from a former Ashley Madison employee named William Brewster Harrison .","('O', 'B-GENERAL_IDENTITY', 'B-VICTIM_IDENTITY', 'I-VICTIM_IDENTITY', 'I-GENERAL_IDENTITY')"
"COSMICENERGY accomplishes this via its two derivative components , which we track as PIEHOP and LIGHTWORK ( see appendices for technical analyses ) .","('O', 'I-ATTACK_PATTERN', 'B-THREAT_ACTOR', 'B-MALWARE', 'B-ATTACK_TOOL')"
These products are known as commercial spyware .,"('O', 'B-MALWARE')"
"In one particular forum post , Hack520 mentions that he was previously jailed for a period of 10 months in a blog post dated May 31 , 2009 .","('O', 'B-GENERAL_IDENTITY', 'B-THREAT_ACTOR', 'I-GENERAL_IDENTITY', 'B-LOCATION')"
move the string to its location .,"('O',)"
Analysts often identify various IOCs to look for correlation and piece them together to analyze a potential threat or incident .,"('O', 'B-ATTACK_PATTERN', 'I-ATTACK_PATTERN', 'I-ATTACK_MOTIVATION')"
"The solution , according to a recent Data Center Journal article , is application control .","('O', 'B-ATTACK_PATTERN', 'I-ATTACK_PATTERN', 'B-GENERAL_IDENTITY')"
These samples led us to the discovery of additional C&C servers that provided us with more information than we initially expected .,"('O', 'B-INFRASTRUCTURE', 'I-INFRASTRUCTURE', 'B-INDICATOR', 'I-INDICATOR')"
"For example , the United States has assessed that Russian military cyber operators have deployed multiple families of destructive wiper malware , including WhisperGate , on Ukrainian Government and private sector networks .","('O', 'B-ATTACK_PATTERN', 'I-ATTACK_PATTERN', 'B-THREAT_ACTOR', 'B-VICTIM_IDENTITY', 'I-VICTIM_IDENTITY', 'B-MALWARE', 'I-GENERAL_IDENTITY', 'B-IMPACT', 'I-IMPACT', 'B-LOCATION', 'I-LOCATION', 'B-CAMPAIGN', 'B-ATTACK_MOTIVATION', 'I-ATTACK_MOTIVATION')"
"These types of approaches are not uncommon historically , groups have done things like provide "" security reports "" to compromised organizations to help them "" resolve the issue . ""","('O', 'B-MALWARE_ANALYSIS', 'I-MALWARE_ANALYSIS', 'B-ATTACK_MOTIVATION')"
"If an adversary can send an unauthorized command message to a control system , then it can instruct the control systems device to perform an action outside the normal bounds of the device 's actions .","('O', 'B-VULNERABILITY', 'I-VULNERABILITY')"
"using OP code sequences in getLastRecord method "" md5 = "" eb842a9509dece779d138d2e6b0f6949 "" malware_family = "" FREEFIRE "" strings : $ s1 = { 72 ? ? ? ? ? ? ? ?","('O', 'B-ATTACK_PATTERN', 'I-ATTACK_PATTERN', 'B-MALWARE_ANALYSIS', 'I-MALWARE_ANALYSIS', 'B-MALWARE', 'I-MALWARE', 'B-OBSERVED_DATA', 'I-OBSERVED_DATA')"
"LIGHTWORK utilizes positional command line arguments for target device , port , and IEC-104 command .","('O', 'B-GENERAL_TOOL', 'I-VICTIM_IDENTITY', 'B-ATTACK_TOOL', 'B-OBSERVED_DATA', 'I-OBSERVED_DATA')"
"But after being informed that Bradshaw was not subject to Canadian trademark laws , Avid Life offered to buy AshleyMadisonSucks.com for $ 10,000 .","('O', 'B-GENERAL_IDENTITY', 'I-GENERAL_IDENTITY', 'B-LOCATION')"
"The file exclusion list maintained in Rhysida samples is most of the usual system directories required for the operating system to function : After encryption , the ransomware will display the ransom note by creating and opening it as a PDF and the background wallpaper .","('O', 'B-ATTACK_PATTERN', 'I-ATTACK_PATTERN', 'B-GENERAL_IDENTITY', 'B-THREAT_ACTOR', 'B-MALWARE', 'I-GENERAL_IDENTITY', 'B-IMPACT', 'I-IMPACT', 'B-OBSERVED_DATA', 'I-OBSERVED_DATA')"
"Because com.docker.vmnat was likely compiled for x86 - 64 systems , the code had to be translated to ARM64 to successfully execute on the target system .","('O', 'B-ATTACK_PATTERN', 'I-ATTACK_PATTERN', 'B-GENERAL_IDENTITY', 'B-INFRASTRUCTURE', 'B-VICTIM_IDENTITY', 'I-VICTIM_IDENTITY')"
""" A new ransomware family calling itself 3AM has emerged .","('O', 'B-THREAT_ACTOR', 'B-MALWARE')"
"While some of this risk can be unintentional , it is wise for businesses to use a framework of common factors and patterns typically seen to help enable proactive threat detection to identify potentially malicious intent .","('O', 'B-INDICATOR', 'B-COURSE_OF_ACTION', 'I-COURSE_OF_ACTION', 'I-INDICATOR', 'I-GENERAL_IDENTITY', 'B-IMPACT', 'I-IMPACT', 'B-ATTACK_TOOL', 'B-ATTACK_SOPHISTICATION_LEVEL', 'I-ATTACK_SOPHISTICATION_LEVEL')"
Mandiant would like to acknowledge the Security Service of Ukraine ( SBU ) for their continued partnership and contributions to this report as well as their on - going collaboration .,"('O', 'B-GENERAL_IDENTITY', 'I-VICTIM_IDENTITY', 'I-GENERAL_IDENTITY', 'I-ATTACK_MOTIVATION')"
"These ransom demands are significantly lower than those made by many well - known ransomware gangs like RYUK , Babuk , REvil , Conti , DarkSide , BlackMatter , BlackCat , and Yanluowang , which are typically in the millions of dollars .","('O', 'I-ATTACK_PATTERN', 'B-INDICATOR', 'B-THREAT_ACTOR', 'B-MALWARE', 'I-THREAT_ACTOR')"
"RGB - aligned crypto - focused groups , publicly reported under the umbrella term Lazarus , and clear variants of historic , established APT threat actors such as the open source “ TraderTraitor ” and “ AppleJeus ” , have increasingly conducted financially motivated operations that have affected the cryptocurrency industry and various blockchain platforms .","('O', 'B-GENERAL_IDENTITY', 'B-THREAT_ACTOR', 'I-THREAT_ACTOR', 'B-IMPACT', 'I-IMPACT', 'B-CAMPAIGN', 'B-ATTACK_MOTIVATION', 'I-ATTACK_MOTIVATION')"
This incident was a multi - event cyber attack that leveraged a novel technique for impacting industrial control systems ( ICS ) / operational technology ( OT ) .,"('O', 'B-ATTACK_PATTERN', 'B-GENERAL_IDENTITY', 'B-INFRASTRUCTURE', 'I-INFRASTRUCTURE', 'B-THREAT_ACTOR', 'B-IMPACT', 'I-IMPACT')"
Open - source Snort Subscriber Rule Set customers can stay up to date by downloading the latest rule pack available for purchase on Snort.org .,"('O', 'B-ATTACK_PATTERN', 'B-GENERAL_TOOL', 'I-GENERAL_TOOL', 'B-COURSE_OF_ACTION', 'I-COURSE_OF_ACTION')"
"TI Ops teams , security operations , and everyone within the security organization will benefit when threat intelligence is aggregated , enriched , analyzed , and acted upon from a single source .","('O', 'B-ATTACK_PATTERN', 'I-ATTACK_PATTERN', 'B-GENERAL_IDENTITY', 'B-GENERAL_TOOL', 'B-COURSE_OF_ACTION', 'I-COURSE_OF_ACTION', 'B-THREAT_ACTOR', 'I-GENERAL_IDENTITY')"
Numerous reports indicate that the primary method for such attacks is Advanced Persistent Threat APT .,"('O', 'B-ATTACK_PATTERN', 'B-THREAT_ACTOR')"
"The series features interviews with security experts and journalists , Ashley Madison executives , victims of the breach and jilted spouses .","('O', 'B-ATTACK_PATTERN', 'B-GENERAL_IDENTITY', 'B-COURSE_OF_ACTION', 'I-COURSE_OF_ACTION', 'B-VICTIM_IDENTITY', 'I-VICTIM_IDENTITY', 'I-GENERAL_IDENTITY')"
"Once accessing a victim , the attackers would determine if the user account was an administrator or normal user and then download postexploitation tools , including utilities to dump passwords , reversetunneling tools , and custom backdoors .","('O', 'B-ATTACK_PATTERN', 'I-ATTACK_PATTERN', 'B-THREAT_ACTOR', 'B-ATTACK_TOOL')"
"The PDFs used highly relevant , well - crafted content that fabricated human rights seminar information and Ukraine ’s foreign policy and NATO membership plans , and were rigged with exploits attacking Adobe Reader versions 9 , 10 and 11 , bypassing its sandbox .","('O', 'B-ATTACK_PATTERN', 'I-ATTACK_PATTERN', 'B-GENERAL_TOOL', 'I-GENERAL_TOOL')"
"As we ’ve talked about , commercial spyware is highly targeted .","('O', 'B-GENERAL_IDENTITY', 'I-GENERAL_TOOL', 'B-MALWARE', 'B-ATTACK_TOOL', 'B-OBSERVED_DATA', 'I-OBSERVED_DATA', 'B-CAMPAIGN')"
The difference between ProxyNotShell and the newly discovered exploit method we are calling OWASSRF .,"('O', 'B-ATTACK_PATTERN', 'B-VULNERABILITY', 'B-OBSERVED_DATA')"
Security teams need to move fast to capitalize on information in alert communications like those issued regularly from agencies like HHS HC3 .,"('O', 'B-GENERAL_IDENTITY', 'B-GENERAL_TOOL', 'I-GENERAL_IDENTITY')"
Cisco Secure Email ( formerly Cisco Email Security ) can block malicious emails sent by threat actors as part of their campaign .,"('O', 'B-INFRASTRUCTURE', 'I-INFRASTRUCTURE', 'B-COURSE_OF_ACTION', 'I-COURSE_OF_ACTION')"
reference to Hack520 ’s passion for pigs .,"('O', 'B-THREAT_ACTOR')"
"In other news , a suspected LockBit affiliate named Ruslan Magomedovich Astamirov , a 20 - year - old from the Chechen Republic , was arrested in Arizona last month .","('O', 'B-GENERAL_IDENTITY', 'B-THREAT_ACTOR', 'B-MALWARE', 'I-GENERAL_IDENTITY', 'B-OBSERVED_DATA', 'I-OBSERVED_DATA', 'B-LOCATION', 'I-LOCATION')"
Cisco Talos is aware of the recent advisory published by the U.S. Department of Health and Human Services ( HHS ) warning the healthcare industry about Rhysida ransomware activity .,"('O', 'B-GENERAL_IDENTITY', 'B-MALWARE', 'I-GENERAL_IDENTITY', 'I-MALWARE')"
Configure MicroSCADA to require authentication and establish a least privilege design for user permissions .,"('O', 'B-ATTACK_PATTERN', 'I-ATTACK_PATTERN', 'B-COURSE_OF_ACTION', 'I-COURSE_OF_ACTION')"
• None consisting of CVE-2022 - 41080 and CVE-2022 - 41082 to achieve remote code execution ( RCE ) through Outlook Web Access ( OWA ) .,"('O', 'B-ATTACK_PATTERN', 'I-ATTACK_PATTERN', 'B-GENERAL_TOOL', 'I-GENERAL_TOOL', 'B-VULNERABILITY', 'I-VULNERABILITY')"
We found roughly 500 domain names that lead or have led to the “ Pig network ” between 2015 to March 2017 .,"('O', 'B-CAMPAIGN', 'I-CAMPAIGN')"
This stolen credential access can also be used to launch a ransomware attack .,"('O', 'I-ATTACK_PATTERN', 'B-INTRUSION_SET', 'B-MALWARE')"
"Cisco Talos recently worked with two vendors to patch multiple vulnerabilities in a favored software library used in chemistry laboratories and the Foxit PDF Reader , one of the most popular PDF reader alternatives to Adobe Acrobat .","('O', 'B-GENERAL_IDENTITY', 'B-GENERAL_TOOL', 'I-GENERAL_TOOL', 'I-GENERAL_IDENTITY', 'B-LOCATION', 'I-LOCATION')"
"They once attacked a game server to illicitly farm in - game currency ( “ gaming gold ” , which also has real - world value ) and stole source codes of online game projects .","('O', 'B-ATTACK_PATTERN', 'I-ATTACK_PATTERN', 'B-VICTIM_IDENTITY', 'I-VICTIM_IDENTITY', 'B-ATTACK_MOTIVATION', 'I-ATTACK_MOTIVATION')"
Acting against threats may be as simple as updating a block list or require considering where investments in new countermeasures should be made .,"('O', 'B-GENERAL_IDENTITY', 'B-COURSE_OF_ACTION', 'I-COURSE_OF_ACTION', 'B-VICTIM_IDENTITY', 'I-VICTIM_IDENTITY')"
Darkrace specifically targets Windows operating systems and has several similarities to LockBit .,"('O', 'B-INFRASTRUCTURE', 'I-INFRASTRUCTURE', 'B-THREAT_ACTOR', 'B-MALWARE')"
This type of motivation calls for vigilance and for you to understand the exact data they maybe after and going above and beyond to protect it .,"('O', 'B-ATTACK_MOTIVATION', 'I-ATTACK_MOTIVATION')"
"PIEHOP expects its main function to be called via another Python file , supplying either the argument or .","('O', 'B-ATTACK_PATTERN', 'I-ATTACK_PATTERN', 'B-ATTACK_TOOL', 'B-OBSERVED_DATA')"
"The first , CVE-2022 - 41123 , has been revealed by ZDI to be DLL hijacking3 due to the loading of a non - existent component by a privileged executed command .","('O', 'B-ATTACK_PATTERN', 'I-ATTACK_PATTERN', 'B-GENERAL_IDENTITY', 'B-VULNERABILITY', 'I-VULNERABILITY', 'B-CAMPAIGN')"
"Simultaneously , a threat researcher outside of CrowdStrike discovered an attacker ’s tooling via an open repository , downloaded all of the tools , and made them available through a MegaUpload link in a Twitter post.2","('O', 'B-GENERAL_IDENTITY', 'B-GENERAL_TOOL', 'B-THREAT_ACTOR', 'B-VULNERABILITY', 'I-VULNERABILITY', 'I-GENERAL_IDENTITY', 'I-THREAT_ACTOR', 'B-IMPACT', 'I-IMPACT', 'B-CAMPAIGN')"
"We provide at - risk organizations with the following discovery methods to conduct threat hunts for tactics , techniques , and procedures ( TTPs ) implemented derived from the toolset : • Establish collection and aggregation of host - based logs for crown jewels systems such as human - machine interfaces ( HMI ) , engineering workstations ( EWS ) , and OPC client servers within their environments and review logs for the evidence of Python script or unauthorized code execution on these systems .","('O', 'B-GENERAL_IDENTITY', 'B-INFRASTRUCTURE', 'I-INFRASTRUCTURE', 'B-INDICATOR', 'B-COURSE_OF_ACTION', 'I-COURSE_OF_ACTION', 'I-INDICATOR', 'I-GENERAL_IDENTITY')"
"Once a system was exploited a unique downloader was dropped onto the victim ’s disk , containing a customized micro backdoor written in Assembler .","('O', 'B-ATTACK_PATTERN', 'I-ATTACK_PATTERN', 'B-GENERAL_TOOL', 'B-MALWARE_ANALYSIS', 'I-MALWARE_ANALYSIS', 'B-MALWARE')"
"The group behind the Winnti malware ( which we will call the Winnti group for brevity ) sprung up as a band of traditional cyber crooks , comprising black hats whose technical skills were employed to perpetrate financial fraud .","('O', 'B-THREAT_ACTOR', 'B-MALWARE', 'I-THREAT_ACTOR', 'I-MALWARE')"
"For Snort coverage that can detect the exploitation of these vulnerabilities , download the latest rule sets from Snort.org , and our latest Vulnerability Advisories are always posted on Talos Intelligence ’s website .","('O', 'B-GENERAL_IDENTITY', 'B-GENERAL_TOOL', 'B-COURSE_OF_ACTION', 'I-COURSE_OF_ACTION')"
"The group behind the Winnti malware ( which we will call the Winnti group for brevity ) sprung up as a band of traditional cyber crooks , comprising black hats whose technical skills were employed to perpetrate financial fraud .","('O', 'B-THREAT_ACTOR', 'B-MALWARE', 'I-THREAT_ACTOR', 'I-MALWARE')"
Indicators can be enriched with data from thirdparty sources and CAL to identify and prioritize known malicious indicators .,"('O', 'B-INDICATOR', 'B-COURSE_OF_ACTION', 'I-COURSE_OF_ACTION', 'I-INDICATOR', 'B-MALWARE')"
The decryption key and the initialization vector are either stored as obfuscated strings in the body of the downloader or calculated as an MD5 checksum of the downloaded image file .,"('O', 'B-ATTACK_PATTERN', 'I-ATTACK_PATTERN', 'B-MALWARE_ANALYSIS', 'I-MALWARE_ANALYSIS', 'B-OBSERVED_DATA', 'I-OBSERVED_DATA')"
"In other news , a suspected LockBit affiliate named Ruslan Magomedovich Astamirov , a 20 - year - old from the Chechen Republic , was arrested in Arizona last month .","('O', 'B-GENERAL_IDENTITY', 'B-THREAT_ACTOR', 'B-MALWARE', 'I-GENERAL_IDENTITY', 'B-OBSERVED_DATA', 'I-OBSERVED_DATA', 'B-LOCATION', 'I-LOCATION')"
"Once encrypted , the file is then renamed to “ < filename>.rhysida ” .","('O', 'B-ATTACK_PATTERN', 'I-ATTACK_PATTERN', 'I-INDICATOR', 'B-MALWARE', 'I-OBSERVED_DATA')"
"Among the group ’s most interesting characteristics are : • Strong functional and structural similarities linking its malware toolset to early MiniDuke and more recent CosmicDuke and OnionDuke components In early 2013 , GReAT observed several incidents that were so unusual they suggested the existence of a new , previously unknown threat actor .","('O', 'B-ATTACK_PATTERN', 'I-ATTACK_PATTERN', 'B-GENERAL_IDENTITY', 'B-THREAT_ACTOR', 'B-MALWARE', 'I-THREAT_ACTOR')"
The difference between ProxyNotShell and the newly discovered exploit method we are calling OWASSRF .,"('O', 'B-ATTACK_PATTERN', 'B-VULNERABILITY', 'B-OBSERVED_DATA')"
"Today , in support of the European Union and other partners , the United States is sharing publicly its assessment that Russia launched cyber attacks in late February against commercial satellite communications networks to disrupt Ukrainian command and control during the invasion , and those actions had spillover impacts into other European countries .","('O', 'B-GENERAL_IDENTITY', 'B-INTRUSION_SET', 'I-INTRUSION_SET', 'B-VICTIM_IDENTITY', 'I-GENERAL_IDENTITY', 'B-IMPACT', 'I-IMPACT', 'B-LOCATION', 'I-LOCATION', 'I-ATTACK_MOTIVATION')"
"We believe this trend will continue as cybercriminals increasingly abuse these platforms to achieve objectives including malware distribution , theft , disinformation campaigns , and fraud .","('O', 'B-ATTACK_PATTERN', 'I-ATTACK_PATTERN', 'B-MALWARE', 'B-CAMPAIGN', 'B-ATTACK_MOTIVATION', 'I-ATTACK_MOTIVATION', 'I-CAMPAIGN')"
Attackers have long used commercial products developed by legitimate companies to compromise targeted devices .,"('O', 'B-ATTACK_PATTERN', 'I-ATTACK_PATTERN', 'B-THREAT_ACTOR', 'B-VICTIM_IDENTITY', 'I-VICTIM_IDENTITY', 'B-ATTACK_TOOL', 'B-ATTACK_MOTIVATION', 'I-ATTACK_MOTIVATION')"
"This sample works in tandem with PIEHOP , which sets up the execution .","('O', 'B-OBSERVED_DATA', 'I-OBSERVED_DATA')"
And the absence of activity in the period of activity .,"('O', 'B-THREAT_ACTOR')"
"TLDR Cybereason recently released a report detailing the Iranian threat actor Moses Staff , which was first spotted in October 2021 .","('O', 'B-GENERAL_IDENTITY', 'B-THREAT_ACTOR', 'I-GENERAL_IDENTITY', 'I-THREAT_ACTOR')"
"Lastly , we emphasize that although the samples of COSMICENERGY we obtained are potentially red team related , threat actors regularly leverage contractors and red team tools in real world threat activity , including during OT attacks .","('O', 'I-ATTACK_PATTERN', 'B-INFRASTRUCTURE', 'B-THREAT_ACTOR', 'B-MALWARE', 'I-THREAT_ACTOR', 'B-ATTACK_TOOL', 'I-ATTACK_TOOL', 'B-CAMPAIGN', 'I-CAMPAIGN')"
"Within core files of appliances that were exploited with CVE-2023 - 4966 , there were human - readable strings with more than 120,000 characters , filled with more than 99 % “ 0 ” characters .","('O', 'B-ATTACK_PATTERN', 'I-ATTACK_PATTERN', 'B-VULNERABILITY', 'I-VULNERABILITY', 'B-IMPACT', 'I-IMPACT')"
"After all , if a vulnerability exists one can expect that it will be exploited more than once .","('O', 'B-ATTACK_PATTERN', 'I-ATTACK_PATTERN', 'B-GENERAL_IDENTITY', 'B-INDICATOR', 'B-COURSE_OF_ACTION', 'I-COURSE_OF_ACTION', 'I-INDICATOR', 'B-VULNERABILITY', 'I-VULNERABILITY', 'B-MALWARE', 'B-IMPACT', 'I-IMPACT')"
"In general terms , spyware is software that can be installed on a device and used to monitor activity and/or capture potentially sensitive data .","('O', 'B-COURSE_OF_ACTION', 'B-MALWARE_ANALYSIS', 'I-MALWARE_ANALYSIS', 'B-MALWARE')"
